{"gradients/fc1.weight":{"values":[1,0,1,2,2,4,4,4,3,12,15,17,13,16,17,22,22,39,47,49,31,56,68,96,160,244,374,621,1329,7855,577,326,180,133,78,74,52,32,35,30,21,16,22,17,18,15,10,5,9,10,1,4,5,2,1,0,0,1,0,1,0,0,0,1],"bins":[-0.047459542751312256,-0.04582924768328667,-0.04419895261526108,-0.04256866127252579,-0.0409383662045002,-0.03930807113647461,-0.03767777979373932,-0.03604748472571373,-0.03441718965768814,-0.03278689458966255,-0.031156601384282112,-0.029526308178901672,-0.027896013110876083,-0.026265718042850494,-0.024635424837470055,-0.023005131632089615,-0.021374836564064026,-0.019744541496038437,-0.018114248290657997,-0.016483955085277557,-0.014853660017251968,-0.013223365880548954,-0.01159307174384594,-0.009962777607142925,-0.008332483470439911,-0.0067021893337368965,-0.005071895197033882,-0.0034416010603308678,-0.0018113069236278534,-0.00018101278692483902,0.0014492813497781754,0.0030795754864811897,0.004709865897893906,0.00634016003459692,0.007970454171299934,0.009600748308002949,0.011231042444705963,0.012861336581408978,0.014491630718111992,0.01612192392349243,0.01775221899151802,0.01938251405954361,0.02101280726492405,0.02264310047030449,0.024273395538330078,0.025903690606355667,0.027533983811736107,0.029164277017116547,0.030794572085142136,0.032424867153167725,0.034055158495903015,0.035685453563928604,0.03731574863195419,0.03894604369997978,0.04057633876800537,0.04220663011074066,0.04383692517876625,0.04546722024679184,0.04709751158952713,0.04872780665755272,0.05035810172557831,0.0519883967936039,0.053618691861629486,0.05524898320436478,0.056879278272390366],"_type":"histogram"},"parameters/fc3.bias":{"values":[1,0,0,0,0,0,0,0,0,0,0,0,0,0,0,0,0,0,0,0,0,0,0,0,0,0,0,0,0,0,0,0,0,0,0,0,0,0,0,0,0,0,0,0,0,0,0,0,0,0,0,0,0,0,0,0,0,0,0,0,0,0,0,1],"bins":[-0.043068621307611465,-0.04302660748362541,-0.04298459365963936,-0.042942579835653305,-0.04290056601166725,-0.0428585521876812,-0.042816538363695145,-0.04277452453970909,-0.04273251071572304,-0.042690496891736984,-0.04264848306775093,-0.04260646924376488,-0.042564455419778824,-0.04252244159579277,-0.04248042777180672,-0.04243841394782066,-0.04239640012383461,-0.042354386299848557,-0.0423123724758625,-0.04227035865187645,-0.042228344827890396,-0.04218633100390434,-0.04214431717991829,-0.042102303355932236,-0.04206028953194618,-0.04201827570796013,-0.041976261883974075,-0.04193424805998802,-0.04189223423600197,-0.041850220412015915,-0.04180820658802986,-0.04176619276404381,-0.041724175214767456,-0.0416821613907814,-0.04164014756679535,-0.041598133742809296,-0.04155611991882324,-0.04151410609483719,-0.041472092270851135,-0.04143007844686508,-0.04138806462287903,-0.041346050798892975,-0.04130403697490692,-0.04126202315092087,-0.041220009326934814,-0.04117799550294876,-0.04113598167896271,-0.041093967854976654,-0.0410519540309906,-0.04100994020700455,-0.040967926383018494,-0.04092591255903244,-0.04088389873504639,-0.04084188491106033,-0.04079987108707428,-0.040757857263088226,-0.04071584343910217,-0.04067382961511612,-0.040631815791130066,-0.04058980196714401,-0.04054778814315796,-0.040505774319171906,-0.04046376049518585,-0.0404217466711998,-0.040379732847213745],"_type":"histogram"},"_runtime":144.1802044,"gradients/fc1.bias":{"bins":[-0.14460144937038422,-0.1396593153476715,-0.1347171813249588,-0.1297750473022461,-0.12483291327953339,-0.11989077925682068,-0.11494863778352737,-0.11000650376081467,-0.10506436973810196,-0.10012223571538925,-0.09518010169267654,-0.09023796766996384,-0.08529582619667053,-0.08035369217395782,-0.07541155815124512,-0.07046942412853241,-0.0655272901058197,-0.060585156083106995,-0.05564302206039429,-0.05070088431239128,-0.045758750289678574,-0.040816616266965866,-0.03587447851896286,-0.030932344496250153,-0.025990210473537445,-0.021048076450824738,-0.01610594056546688,-0.011163805611431599,-0.0062216706573963165,-0.001279536634683609,0.0036625992506742477,0.008604735136032104,0.013546884059906006,0.018489018082618713,0.02343115396797657,0.028373289853334427,0.033315423876047134,0.03825755789875984,0.04319969564676285,0.048141829669475555,0.05308396369218826,0.05802609771490097,0.06296823173761368,0.06791036576032639,0.07285250723361969,0.0777946412563324,0.0827367752790451,0.08767890930175781,0.09262104332447052,0.09756317734718323,0.10250531136989594,0.10744744539260864,0.11238957941532135,0.11733171343803406,0.12227385491132736,0.12721598148345947,0.13215813040733337,0.13710026443004608,0.1420423984527588,0.1469845324754715,0.1519266664981842,0.1568688005208969,0.16181093454360962,0.16675308346748352,0.17169520258903503],"_type":"histogram","values":[1,0,0,1,0,1,1,1,3,0,0,1,1,1,0,3,2,0,1,3,2,1,6,3,12,13,4,15,11,132,5,6,4,0,3,4,1,1,4,0,2,0,0,0,1,0,0,0,1,1,0,0,1,1,1,0,0,0,0,0,0,0,0,1]},"train_recall":0.7860786078607861,"train_f1":0.7754920822850377,"gradients/fc3.weight":{"values":[1,0,0,0,0,0,1,0,0,0,3,0,1,0,0,3,2,3,4,3,2,6,5,8,9,5,11,7,13,13,8,8,32,8,13,13,7,11,5,9,8,5,6,2,3,4,3,2,3,0,0,1,0,3,0,0,0,1,0,0,0,0,0,1],"bins":[-0.043666765093803406,-0.04230218008160591,-0.04093759134411812,-0.039573006331920624,-0.03820841759443283,-0.036843832582235336,-0.03547924757003784,-0.03411465883255005,-0.032750073820352554,-0.03138548880815506,-0.030020900070667267,-0.028656315058469772,-0.02729172818362713,-0.025927141308784485,-0.02456255629658699,-0.023197969421744347,-0.021833382546901703,-0.02046879567205906,-0.019104208797216415,-0.01773962378501892,-0.016375036910176277,-0.015010450035333633,-0.013645864091813564,-0.012281278148293495,-0.010916691273450851,-0.009552104398608208,-0.008187518455088139,-0.006822932045906782,-0.005458345636725426,-0.004093759227544069,-0.002729172818362713,-0.0013645868748426437,-3.725290298461914e-09,0.001364582683891058,0.0027291690930724144,0.004093755502253771,0.005458341911435127,0.006822928320616484,0.00818751472979784,0.00955210067331791,0.010916687548160553,0.012281274423003197,0.013645860366523266,0.015010446310043335,0.01637503318488598,0.017739620059728622,0.019104205071926117,0.02046879194676876,0.021833378821611404,0.023197965696454048,0.024562552571296692,0.025927137583494186,0.02729172445833683,0.028656311333179474,0.03002089634537697,0.03138548135757446,0.032750070095062256,0.03411465510725975,0.03547924384474754,0.03684382885694504,0.03820841759443283,0.039573002606630325,0.04093758761882782,0.04230217635631561,0.04366676136851311],"_type":"histogram"},"val_accuracy":0.7752709184579855,"parameters/fc2.weight":{"values":[1,0,0,0,0,0,1,6,1,10,18,25,25,32,53,74,89,135,170,235,313,348,434,512,669,801,919,1037,1601,2003,2148,2134,2258,2135,2238,2161,2047,1840,1249,1008,854,719,591,480,376,269,198,160,124,83,57,44,25,20,10,8,8,2,3,0,2,1,1,3],